,group1,group2,test_stat,p_value
0,"('gigapath', 'GAP', 'MLP')","('gigapath', 'GAP', 'lr')",25.0,0.999999999306965
1,"('gigapath', 'GAP', 'MLP')","('gigapath', 'GAP', 'xgb')",573.0,0.013918133063270943
2,"('gigapath', 'GAP', 'MLP')","('gigapath', 'abmil-1_heads', 'MLP')",6.0,0.999999999990905
3,"('gigapath', 'GAP', 'MLP')","('gigapath', 'abmil-8_heads', 'MLP')",3.0,0.9999999999972715
4,"('gigapath', 'GAP', 'MLP')","('gigapath', 'gabmil-1_heads', 'MLP')",6.0,0.999999999990905
5,"('gigapath', 'GAP', 'MLP')","('gigapath', 'gabmil-8_heads', 'MLP')",14.0,0.9999999999199645
6,"('gigapath', 'GAP', 'MLP')","('gigapath', 'gigapath_cls', 'MLP')",786.0,3.3878677641041577e-09
7,"('gigapath', 'GAP', 'MLP')","('gigapath', 'gigapath_cls', 'lr')",289.0,0.9485546647983938
8,"('gigapath', 'GAP', 'MLP')","('gigapath', 'gigapath_cls', 'xgb')",797.0,5.820766091346741e-10
9,"('gigapath', 'GAP', 'MLP')","('gigapath', 'gigapath_pool', 'MLP')",605.0,0.0013484603646759946
10,"('gigapath', 'GAP', 'MLP')","('gigapath', 'gigapath_pool', 'lr')",57.0,0.9999972722577428
11,"('gigapath', 'GAP', 'MLP')","('gigapath', 'gigapath_pool', 'xgb')",650.0,0.0004456084598132293
12,"('gigapath', 'GAP', 'MLP')","('prism', 'GAP', 'MLP')",145.0,0.9996857119042145
13,"('gigapath', 'GAP', 'MLP')","('prism', 'GAP', 'lr')",49.0,0.9999999776264303
14,"('gigapath', 'GAP', 'MLP')","('prism', 'GAP', 'xgb')",419.0,0.45502298043902556
15,"('gigapath', 'GAP', 'MLP')","('prism', 'PRISM', 'MLP')",0.0,1.0
16,"('gigapath', 'GAP', 'MLP')","('prism', 'PRISM', 'lr')",7.0,0.9999999999872671
17,"('gigapath', 'GAP', 'MLP')","('prism', 'PRISM', 'xgb')",0.0,1.0
18,"('gigapath', 'GAP', 'MLP')","('prism', 'abmil-1_heads', 'MLP')",34.0,0.9999996617290161
19,"('gigapath', 'GAP', 'MLP')","('prism', 'abmil-8_heads', 'MLP')",2.0,0.999999999998181
20,"('gigapath', 'GAP', 'MLP')","('prism', 'gabmil-1_heads', 'MLP')",26.0,0.9999998109039573
21,"('gigapath', 'GAP', 'MLP')","('prism', 'gabmil-8_heads', 'MLP')",16.0,0.9999999998753992
22,"('gigapath', 'GAP', 'MLP')","('resnet18', 'GAP', 'MLP')",766.0,4.6134118747431785e-08
23,"('gigapath', 'GAP', 'MLP')","('resnet18', 'GAP', 'lr')",561.0,0.02109718045903719
24,"('gigapath', 'GAP', 'MLP')","('resnet18', 'GAP', 'xgb')",707.0,1.1353380614309572e-05
25,"('gigapath', 'GAP', 'MLP')","('resnet18', 'abmil-1_heads', 'MLP')",791.0,1.5816112863831222e-09
26,"('gigapath', 'GAP', 'MLP')","('resnet18', 'abmil-8_heads', 'MLP')",769.0,3.2303432817570865e-08
27,"('gigapath', 'GAP', 'MLP')","('resnet18', 'gabmil-1_heads', 'MLP')",792.0,1.3487806427292526e-09
28,"('gigapath', 'GAP', 'MLP')","('resnet18', 'gabmil-8_heads', 'MLP')",803.0,1.8826540326699615e-10
29,"('gigapath', 'GAP', 'MLP')","('uni', 'GAP', 'MLP')",161.0,0.9997459808973872
30,"('gigapath', 'GAP', 'MLP')","('uni', 'GAP', 'lr')",1.0,0.9999999999990905
31,"('gigapath', 'GAP', 'MLP')","('uni', 'GAP', 'xgb')",280.0,0.9376141985248402
32,"('gigapath', 'GAP', 'MLP')","('uni', 'abmil-1_heads', 'MLP')",6.0,0.999999999990905
33,"('gigapath', 'GAP', 'MLP')","('uni', 'abmil-8_heads', 'MLP')",0.0,1.0
34,"('gigapath', 'GAP', 'MLP')","('uni', 'gabmil-1_heads', 'MLP')",0.0,1.0
35,"('gigapath', 'GAP', 'MLP')","('uni', 'gabmil-8_heads', 'MLP')",0.0,1.0
36,"('gigapath', 'GAP', 'lr')","('gigapath', 'GAP', 'xgb')",795.0,8.221832104027271e-10
37,"('gigapath', 'GAP', 'lr')","('gigapath', 'abmil-1_heads', 'MLP')",79.0,0.999999418927473
38,"('gigapath', 'GAP', 'lr')","('gigapath', 'abmil-8_heads', 'MLP')",73.0,0.9999951495350595
39,"('gigapath', 'GAP', 'lr')","('gigapath', 'gabmil-1_heads', 'MLP')",78.0,0.9999933149745458
40,"('gigapath', 'GAP', 'lr')","('gigapath', 'gabmil-8_heads', 'MLP')",107.0,0.999993391082171
41,"('gigapath', 'GAP', 'lr')","('gigapath', 'gigapath_cls', 'MLP')",814.0,1.2732925824820995e-11
42,"('gigapath', 'GAP', 'lr')","('gigapath', 'gigapath_cls', 'lr')",651.0,0.0004218312360535492
43,"('gigapath', 'GAP', 'lr')","('gigapath', 'gigapath_cls', 'xgb')",820.0,9.094947017729282e-13
44,"('gigapath', 'GAP', 'lr')","('gigapath', 'gigapath_pool', 'MLP')",795.0,8.221832104027271e-10
45,"('gigapath', 'GAP', 'lr')","('gigapath', 'gigapath_pool', 'lr')",500.0,0.11586866276047658
46,"('gigapath', 'GAP', 'lr')","('gigapath', 'gigapath_pool', 'xgb')",776.0,3.589566486386706e-08
47,"('gigapath', 'GAP', 'lr')","('prism', 'GAP', 'MLP')",575.0,0.004916111896628827
48,"('gigapath', 'GAP', 'lr')","('prism', 'GAP', 'lr')",112.0,0.9999902495856077
49,"('gigapath', 'GAP', 'lr')","('prism', 'GAP', 'xgb')",770.0,2.8616341296583414e-08
50,"('gigapath', 'GAP', 'lr')","('prism', 'PRISM', 'MLP')",11.0,0.9999999999608917
51,"('gigapath', 'GAP', 'lr')","('prism', 'PRISM', 'lr')",25.0,0.9999997286071324
52,"('gigapath', 'GAP', 'lr')","('prism', 'PRISM', 'xgb')",7.0,0.9999999999872671
53,"('gigapath', 'GAP', 'lr')","('prism', 'abmil-1_heads', 'MLP')",109.0,0.9999559736792007
54,"('gigapath', 'GAP', 'lr')","('prism', 'abmil-8_heads', 'MLP')",71.0,0.9999997360737325
55,"('gigapath', 'GAP', 'lr')","('prism', 'gabmil-1_heads', 'MLP')",105.0,0.9999651304919717
56,"('gigapath', 'GAP', 'lr')","('prism', 'gabmil-8_heads', 'MLP')",86.0,0.99999888394359
57,"('gigapath', 'GAP', 'lr')","('resnet18', 'GAP', 'MLP')",804.0,1.5370460459962487e-10
58,"('gigapath', 'GAP', 'lr')","('resnet18', 'GAP', 'lr')",800.0,3.374225343577564e-10
59,"('gigapath', 'GAP', 'lr')","('resnet18', 'GAP', 'xgb')",819.0,1.8189894035458565e-12
60,"('gigapath', 'GAP', 'lr')","('resnet18', 'abmil-1_heads', 'MLP')",820.0,9.094947017729282e-13
61,"('gigapath', 'GAP', 'lr')","('resnet18', 'abmil-8_heads', 'MLP')",818.0,2.7284841053187847e-12
62,"('gigapath', 'GAP', 'lr')","('resnet18', 'gabmil-1_heads', 'MLP')",819.0,1.8189894035458565e-12
63,"('gigapath', 'GAP', 'lr')","('resnet18', 'gabmil-8_heads', 'MLP')",819.0,1.8189894035458565e-12
64,"('gigapath', 'GAP', 'lr')","('uni', 'GAP', 'MLP')",665.0,0.00018954880397359375
65,"('gigapath', 'GAP', 'lr')","('uni', 'GAP', 'lr')",153.0,0.9998416073749468
66,"('gigapath', 'GAP', 'lr')","('uni', 'GAP', 'xgb')",621.0,0.0019337554258527234
67,"('gigapath', 'GAP', 'lr')","('uni', 'abmil-1_heads', 'MLP')",55.0,0.9999999538658813
68,"('gigapath', 'GAP', 'lr')","('uni', 'abmil-8_heads', 'MLP')",56.0,0.9999984263816847
69,"('gigapath', 'GAP', 'lr')","('uni', 'gabmil-1_heads', 'MLP')",51.0,0.9999999713836587
70,"('gigapath', 'GAP', 'lr')","('uni', 'gabmil-8_heads', 'MLP')",35.0,0.9999999966121322
71,"('gigapath', 'GAP', 'xgb')","('gigapath', 'abmil-1_heads', 'MLP')",27.0,0.9999999990277502
72,"('gigapath', 'GAP', 'xgb')","('gigapath', 'abmil-8_heads', 'MLP')",21.0,0.9999998693354559
73,"('gigapath', 'GAP', 'xgb')","('gigapath', 'gabmil-1_heads', 'MLP')",43.0,0.9999999896499503
74,"('gigapath', 'GAP', 'xgb')","('gigapath', 'gabmil-8_heads', 'MLP')",37.0,0.9999999954725354
75,"('gigapath', 'GAP', 'xgb')","('gigapath', 'gigapath_cls', 'MLP')",820.0,9.094947017729282e-13
76,"('gigapath', 'GAP', 'xgb')","('gigapath', 'gigapath_cls', 'lr')",136.0,0.9994251919555593
77,"('gigapath', 'GAP', 'xgb')","('gigapath', 'gigapath_cls', 'xgb')",799.0,4.065441316924989e-10
78,"('gigapath', 'GAP', 'xgb')","('gigapath', 'gigapath_pool', 'MLP')",398.0,0.5659832984802051
79,"('gigapath', 'GAP', 'xgb')","('gigapath', 'gigapath_pool', 'lr')",52.0,0.9999999676965672
80,"('gigapath', 'GAP', 'xgb')","('gigapath', 'gigapath_pool', 'xgb')",677.0,9.074450372281717e-05
81,"('gigapath', 'GAP', 'xgb')","('prism', 'GAP', 'MLP')",125.0,0.9999746084140497
82,"('gigapath', 'GAP', 'xgb')","('prism', 'GAP', 'lr')",51.0,0.9999999713836587
83,"('gigapath', 'GAP', 'xgb')","('prism', 'GAP', 'xgb')",207.0,0.9946717365407219
84,"('gigapath', 'GAP', 'xgb')","('prism', 'PRISM', 'MLP')",8.0,0.9999999999827196
85,"('gigapath', 'GAP', 'xgb')","('prism', 'PRISM', 'lr')",20.0,0.9999999997207851
86,"('gigapath', 'GAP', 'xgb')","('prism', 'PRISM', 'xgb')",1.0,0.9999999999990905
87,"('gigapath', 'GAP', 'xgb')","('prism', 'abmil-1_heads', 'MLP')",54.0,0.9999999589863364
88,"('gigapath', 'GAP', 'xgb')","('prism', 'abmil-8_heads', 'MLP')",35.0,0.9999999966121322
89,"('gigapath', 'GAP', 'xgb')","('prism', 'gabmil-1_heads', 'MLP')",47.0,0.9999999825986379
90,"('gigapath', 'GAP', 'xgb')","('prism', 'gabmil-8_heads', 'MLP')",36.0,0.9999999960800778
91,"('gigapath', 'GAP', 'xgb')","('resnet18', 'GAP', 'MLP')",790.0,1.850821718107909e-09
92,"('gigapath', 'GAP', 'xgb')","('resnet18', 'GAP', 'lr')",429.0,0.40286349197413074
93,"('gigapath', 'GAP', 'xgb')","('resnet18', 'GAP', 'xgb')",724.0,2.9225784601294436e-06
94,"('gigapath', 'GAP', 'xgb')","('resnet18', 'abmil-1_heads', 'MLP')",789.0,2.1600499167107046e-09
95,"('gigapath', 'GAP', 'xgb')","('resnet18', 'abmil-8_heads', 'MLP')",757.0,1.267735569854267e-07
96,"('gigapath', 'GAP', 'xgb')","('resnet18', 'gabmil-1_heads', 'MLP')",770.0,2.8616341296583414e-08
97,"('gigapath', 'GAP', 'xgb')","('resnet18', 'gabmil-8_heads', 'MLP')",793.0,1.1468728189356625e-09
98,"('gigapath', 'GAP', 'xgb')","('uni', 'GAP', 'MLP')",105.0,0.9999943626971799
99,"('gigapath', 'GAP', 'xgb')","('uni', 'GAP', 'lr')",47.0,0.9999999825986379
100,"('gigapath', 'GAP', 'xgb')","('uni', 'GAP', 'xgb')",124.0,0.9999763488012832
101,"('gigapath', 'GAP', 'xgb')","('uni', 'abmil-1_heads', 'MLP')",29.0,0.9999999986512194
102,"('gigapath', 'GAP', 'xgb')","('uni', 'abmil-8_heads', 'MLP')",22.0,0.9999999995934559
103,"('gigapath', 'GAP', 'xgb')","('uni', 'gabmil-1_heads', 'MLP')",25.0,0.999999999306965
104,"('gigapath', 'GAP', 'xgb')","('uni', 'gabmil-8_heads', 'MLP')",20.0,0.9999999997207851
105,"('gigapath', 'abmil-1_heads', 'MLP')","('gigapath', 'abmil-8_heads', 'MLP')",452.0,0.19346180428219323
106,"('gigapath', 'abmil-1_heads', 'MLP')","('gigapath', 'gabmil-1_heads', 'MLP')",562.0,0.000747472168081531
107,"('gigapath', 'abmil-1_heads', 'MLP')","('gigapath', 'gabmil-8_heads', 'MLP')",504.0,0.05581944437096139
108,"('gigapath', 'abmil-1_heads', 'MLP')","('gigapath', 'gigapath_cls', 'MLP')",775.0,3.8788711813720605e-08
109,"('gigapath', 'abmil-1_heads', 'MLP')","('gigapath', 'gigapath_cls', 'lr')",790.0,1.850821718107909e-09
110,"('gigapath', 'abmil-1_heads', 'MLP')","('gigapath', 'gigapath_cls', 'xgb')",820.0,9.094947017729282e-13
111,"('gigapath', 'abmil-1_heads', 'MLP')","('gigapath', 'gigapath_pool', 'MLP')",811.0,3.001332515850663e-11
112,"('gigapath', 'abmil-1_heads', 'MLP')","('gigapath', 'gigapath_pool', 'lr')",793.0,1.1468728189356625e-09
113,"('gigapath', 'abmil-1_heads', 'MLP')","('gigapath', 'gigapath_pool', 'xgb')",806.0,1.000444171950221e-10
114,"('gigapath', 'abmil-1_heads', 'MLP')","('prism', 'GAP', 'MLP')",745.0,3.6335800423901396e-07
115,"('gigapath', 'abmil-1_heads', 'MLP')","('prism', 'GAP', 'lr')",592.0,0.0006584892676218559
116,"('gigapath', 'abmil-1_heads', 'MLP')","('prism', 'GAP', 'xgb')",818.0,2.7284841053187847e-12
117,"('gigapath', 'abmil-1_heads', 'MLP')","('prism', 'PRISM', 'MLP')",111.0,0.9999505845728729
118,"('gigapath', 'abmil-1_heads', 'MLP')","('prism', 'PRISM', 'lr')",259.0,0.9795993024781637
119,"('gigapath', 'abmil-1_heads', 'MLP')","('prism', 'PRISM', 'xgb')",255.0,0.9821978351883445
120,"('gigapath', 'abmil-1_heads', 'MLP')","('prism', 'abmil-1_heads', 'MLP')",395.0,0.581622494635667
121,"('gigapath', 'abmil-1_heads', 'MLP')","('prism', 'abmil-8_heads', 'MLP')",404.0,0.422551661702029
122,"('gigapath', 'abmil-1_heads', 'MLP')","('prism', 'gabmil-1_heads', 'MLP')",354.0,0.7741330305070733
123,"('gigapath', 'abmil-1_heads', 'MLP')","('prism', 'gabmil-8_heads', 'MLP')",431.0,0.3926017246240008
124,"('gigapath', 'abmil-1_heads', 'MLP')","('resnet18', 'GAP', 'MLP')",803.0,1.8826540326699615e-10
125,"('gigapath', 'abmil-1_heads', 'MLP')","('resnet18', 'GAP', 'lr')",820.0,9.094947017729282e-13
126,"('gigapath', 'abmil-1_heads', 'MLP')","('resnet18', 'GAP', 'xgb')",776.0,3.589566486386706e-08
127,"('gigapath', 'abmil-1_heads', 'MLP')","('resnet18', 'abmil-1_heads', 'MLP')",815.0,9.094947017729282e-12
128,"('gigapath', 'abmil-1_heads', 'MLP')","('resnet18', 'abmil-8_heads', 'MLP')",820.0,9.094947017729282e-13
129,"('gigapath', 'abmil-1_heads', 'MLP')","('resnet18', 'gabmil-1_heads', 'MLP')",817.0,4.547473508864641e-12
130,"('gigapath', 'abmil-1_heads', 'MLP')","('resnet18', 'gabmil-8_heads', 'MLP')",820.0,9.094947017729282e-13
131,"('gigapath', 'abmil-1_heads', 'MLP')","('uni', 'GAP', 'MLP')",751.0,2.3828943085391074e-07
132,"('gigapath', 'abmil-1_heads', 'MLP')","('uni', 'GAP', 'lr')",661.0,0.00023972647068148945
133,"('gigapath', 'abmil-1_heads', 'MLP')","('uni', 'GAP', 'xgb')",733.0,1.3368562576943077e-06
134,"('gigapath', 'abmil-1_heads', 'MLP')","('uni', 'abmil-1_heads', 'MLP')",232.0,0.9862690812535505
135,"('gigapath', 'abmil-1_heads', 'MLP')","('uni', 'abmil-8_heads', 'MLP')",404.0,0.5344238749457872
136,"('gigapath', 'abmil-1_heads', 'MLP')","('uni', 'gabmil-1_heads', 'MLP')",303.0,0.9250488122415845
137,"('gigapath', 'abmil-1_heads', 'MLP')","('uni', 'gabmil-8_heads', 'MLP')",347.0,0.8012880840624348
138,"('gigapath', 'abmil-8_heads', 'MLP')","('gigapath', 'gabmil-1_heads', 'MLP')",391.0,0.49443294199811766
139,"('gigapath', 'abmil-8_heads', 'MLP')","('gigapath', 'gabmil-8_heads', 'MLP')",372.0,0.6957470890120021
140,"('gigapath', 'abmil-8_heads', 'MLP')","('gigapath', 'gigapath_cls', 'MLP')",815.0,9.094947017729282e-12
141,"('gigapath', 'abmil-8_heads', 'MLP')","('gigapath', 'gigapath_cls', 'lr')",762.0,1.0443828665576653e-07
142,"('gigapath', 'abmil-8_heads', 'MLP')","('gigapath', 'gigapath_cls', 'xgb')",820.0,9.094947017729282e-13
143,"('gigapath', 'abmil-8_heads', 'MLP')","('gigapath', 'gigapath_pool', 'MLP')",777.0,3.321211344063411e-08
144,"('gigapath', 'abmil-8_heads', 'MLP')","('gigapath', 'gigapath_pool', 'lr')",798.0,4.874891601502895e-10
145,"('gigapath', 'abmil-8_heads', 'MLP')","('gigapath', 'gigapath_pool', 'xgb')",816.0,6.366462912410498e-12
146,"('gigapath', 'abmil-8_heads', 'MLP')","('prism', 'GAP', 'MLP')",740.0,5.191183099911957e-07
147,"('gigapath', 'abmil-8_heads', 'MLP')","('prism', 'GAP', 'lr')",613.0,0.0009292341182955261
148,"('gigapath', 'abmil-8_heads', 'MLP')","('prism', 'GAP', 'xgb')",819.0,1.8189894035458565e-12
149,"('gigapath', 'abmil-8_heads', 'MLP')","('prism', 'PRISM', 'MLP')",117.0,0.9999304363023042
150,"('gigapath', 'abmil-8_heads', 'MLP')","('prism', 'PRISM', 'lr')",257.0,0.9809352779384426
151,"('gigapath', 'abmil-8_heads', 'MLP')","('prism', 'PRISM', 'xgb')",233.0,0.992061889026445
152,"('gigapath', 'abmil-8_heads', 'MLP')","('prism', 'abmil-1_heads', 'MLP')",361.0,0.7450429445379996
153,"('gigapath', 'abmil-8_heads', 'MLP')","('prism', 'abmil-8_heads', 'MLP')",318.0,0.8424937493914665
154,"('gigapath', 'abmil-8_heads', 'MLP')","('prism', 'gabmil-1_heads', 'MLP')",324.0,0.8760364041090725
155,"('gigapath', 'abmil-8_heads', 'MLP')","('prism', 'gabmil-8_heads', 'MLP')",403.0,0.5397038658484234
156,"('gigapath', 'abmil-8_heads', 'MLP')","('resnet18', 'GAP', 'MLP')",804.0,1.5370460459962487e-10
157,"('gigapath', 'abmil-8_heads', 'MLP')","('resnet18', 'GAP', 'lr')",820.0,9.094947017729282e-13
158,"('gigapath', 'abmil-8_heads', 'MLP')","('resnet18', 'GAP', 'xgb')",816.0,6.366462912410498e-12
159,"('gigapath', 'abmil-8_heads', 'MLP')","('resnet18', 'abmil-1_heads', 'MLP')",816.0,6.366462912410498e-12
160,"('gigapath', 'abmil-8_heads', 'MLP')","('resnet18', 'abmil-8_heads', 'MLP')",820.0,9.094947017729282e-13
161,"('gigapath', 'abmil-8_heads', 'MLP')","('resnet18', 'gabmil-1_heads', 'MLP')",819.0,1.8189894035458565e-12
162,"('gigapath', 'abmil-8_heads', 'MLP')","('resnet18', 'gabmil-8_heads', 'MLP')",820.0,9.094947017729282e-13
163,"('gigapath', 'abmil-8_heads', 'MLP')","('uni', 'GAP', 'MLP')",754.0,1.7449474398745224e-07
164,"('gigapath', 'abmil-8_heads', 'MLP')","('uni', 'GAP', 'lr')",666.0,0.00017859497074823594
165,"('gigapath', 'abmil-8_heads', 'MLP')","('uni', 'GAP', 'xgb')",743.0,5.278707249090075e-07
166,"('gigapath', 'abmil-8_heads', 'MLP')","('uni', 'abmil-1_heads', 'MLP')",205.0,0.9975646408365719
167,"('gigapath', 'abmil-8_heads', 'MLP')","('uni', 'abmil-8_heads', 'MLP')",340.0,0.8264173542529534
168,"('gigapath', 'abmil-8_heads', 'MLP')","('uni', 'gabmil-1_heads', 'MLP')",241.0,0.9892269699294047
169,"('gigapath', 'abmil-8_heads', 'MLP')","('uni', 'gabmil-8_heads', 'MLP')",263.0,0.9766946870586253
170,"('gigapath', 'gabmil-1_heads', 'MLP')","('gigapath', 'gabmil-8_heads', 'MLP')",418.0,0.46029613415157655
171,"('gigapath', 'gabmil-1_heads', 'MLP')","('gigapath', 'gigapath_cls', 'MLP')",803.0,1.8826540326699615e-10
172,"('gigapath', 'gabmil-1_heads', 'MLP')","('gigapath', 'gigapath_cls', 'lr')",784.0,4.527464625425637e-09
173,"('gigapath', 'gabmil-1_heads', 'MLP')","('gigapath', 'gigapath_cls', 'xgb')",816.0,6.366462912410498e-12
174,"('gigapath', 'gabmil-1_heads', 'MLP')","('gigapath', 'gigapath_pool', 'MLP')",819.0,1.8189894035458565e-12
175,"('gigapath', 'gabmil-1_heads', 'MLP')","('gigapath', 'gigapath_pool', 'lr')",772.0,2.2373569663614035e-08
176,"('gigapath', 'gabmil-1_heads', 'MLP')","('gigapath', 'gigapath_pool', 'xgb')",801.0,2.7921487344428897e-10
177,"('gigapath', 'gabmil-1_heads', 'MLP')","('prism', 'GAP', 'MLP')",737.0,5.3304057858198304e-08
178,"('gigapath', 'gabmil-1_heads', 'MLP')","('prism', 'GAP', 'lr')",609.0,0.001121015716033736
179,"('gigapath', 'gabmil-1_heads', 'MLP')","('prism', 'GAP', 'xgb')",820.0,9.094947017729282e-13
180,"('gigapath', 'gabmil-1_heads', 'MLP')","('prism', 'PRISM', 'MLP')",109.0,0.9999559736792007
181,"('gigapath', 'gabmil-1_heads', 'MLP')","('prism', 'PRISM', 'lr')",223.0,0.9837856343113341
182,"('gigapath', 'gabmil-1_heads', 'MLP')","('prism', 'PRISM', 'xgb')",209.0,0.9970841753829518
183,"('gigapath', 'gabmil-1_heads', 'MLP')","('prism', 'abmil-1_heads', 'MLP')",333.0,0.8494692436606783
184,"('gigapath', 'gabmil-1_heads', 'MLP')","('prism', 'abmil-8_heads', 'MLP')",297.0,0.9028245097622163
185,"('gigapath', 'gabmil-1_heads', 'MLP')","('prism', 'gabmil-1_heads', 'MLP')",295.0,0.939300599076887
186,"('gigapath', 'gabmil-1_heads', 'MLP')","('prism', 'gabmil-8_heads', 'MLP')",336.0,0.8398459694744815
187,"('gigapath', 'gabmil-1_heads', 'MLP')","('resnet18', 'GAP', 'MLP')",791.0,1.5816112863831222e-09
188,"('gigapath', 'gabmil-1_heads', 'MLP')","('resnet18', 'GAP', 'lr')",812.0,2.2737367544323206e-11
189,"('gigapath', 'gabmil-1_heads', 'MLP')","('resnet18', 'GAP', 'xgb')",802.0,2.3010215954855084e-10
190,"('gigapath', 'gabmil-1_heads', 'MLP')","('resnet18', 'abmil-1_heads', 'MLP')",809.0,5.002220859751105e-11
191,"('gigapath', 'gabmil-1_heads', 'MLP')","('resnet18', 'abmil-8_heads', 'MLP')",810.0,3.9108272176235914e-11
192,"('gigapath', 'gabmil-1_heads', 'MLP')","('resnet18', 'gabmil-1_heads', 'MLP')",808.0,6.366462912410498e-11
193,"('gigapath', 'gabmil-1_heads', 'MLP')","('resnet18', 'gabmil-8_heads', 'MLP')",814.0,1.2732925824820995e-11
194,"('gigapath', 'gabmil-1_heads', 'MLP')","('uni', 'GAP', 'MLP')",766.0,4.6134118747431785e-08
195,"('gigapath', 'gabmil-1_heads', 'MLP')","('uni', 'GAP', 'lr')",629.0,0.0013194854554967606
196,"('gigapath', 'gabmil-1_heads', 'MLP')","('uni', 'GAP', 'xgb')",747.0,3.5687207855517045e-07
197,"('gigapath', 'gabmil-1_heads', 'MLP')","('uni', 'abmil-1_heads', 'MLP')",179.0,0.9983826391049143
198,"('gigapath', 'gabmil-1_heads', 'MLP')","('uni', 'abmil-8_heads', 'MLP')",340.0,0.757333190899425
199,"('gigapath', 'gabmil-1_heads', 'MLP')","('uni', 'gabmil-1_heads', 'MLP')",222.0,0.9949012884217154
200,"('gigapath', 'gabmil-1_heads', 'MLP')","('uni', 'gabmil-8_heads', 'MLP')",269.0,0.9717082877605208
201,"('gigapath', 'gabmil-8_heads', 'MLP')","('gigapath', 'gigapath_cls', 'MLP')",766.0,7.72647327889404e-08
202,"('gigapath', 'gabmil-8_heads', 'MLP')","('gigapath', 'gigapath_cls', 'lr')",772.0,2.2373569663614035e-08
203,"('gigapath', 'gabmil-8_heads', 'MLP')","('gigapath', 'gigapath_cls', 'xgb')",817.0,4.547473508864641e-12
204,"('gigapath', 'gabmil-8_heads', 'MLP')","('gigapath', 'gigapath_pool', 'MLP')",802.0,2.3010215954855084e-10
205,"('gigapath', 'gabmil-8_heads', 'MLP')","('gigapath', 'gigapath_pool', 'lr')",767.0,4.10136635764502e-08
206,"('gigapath', 'gabmil-8_heads', 'MLP')","('gigapath', 'gigapath_pool', 'xgb')",763.0,9.68864684524409e-08
207,"('gigapath', 'gabmil-8_heads', 'MLP')","('prism', 'GAP', 'MLP')",773.0,1.97442204807885e-08
208,"('gigapath', 'gabmil-8_heads', 'MLP')","('prism', 'GAP', 'lr')",682.0,6.57728796795709e-05
209,"('gigapath', 'gabmil-8_heads', 'MLP')","('prism', 'GAP', 'xgb')",814.0,1.2732925824820995e-11
210,"('gigapath', 'gabmil-8_heads', 'MLP')","('prism', 'PRISM', 'MLP')",130.0,0.9999640099131284
211,"('gigapath', 'gabmil-8_heads', 'MLP')","('prism', 'PRISM', 'lr')",215.0,0.9962075685407399
212,"('gigapath', 'gabmil-8_heads', 'MLP')","('prism', 'PRISM', 'xgb')",214.0,0.9963679672582657
213,"('gigapath', 'gabmil-8_heads', 'MLP')","('prism', 'abmil-1_heads', 'MLP')",363.0,0.7363933304495731
214,"('gigapath', 'gabmil-8_heads', 'MLP')","('prism', 'abmil-8_heads', 'MLP')",330.0,0.8587079439075751
215,"('gigapath', 'gabmil-8_heads', 'MLP')","('prism', 'gabmil-1_heads', 'MLP')",297.0,0.9028245097622163
216,"('gigapath', 'gabmil-8_heads', 'MLP')","('prism', 'gabmil-8_heads', 'MLP')",348.0,0.627901760826005
217,"('gigapath', 'gabmil-8_heads', 'MLP')","('resnet18', 'GAP', 'MLP')",794.0,9.722498361952603e-10
218,"('gigapath', 'gabmil-8_heads', 'MLP')","('resnet18', 'GAP', 'lr')",815.0,9.094947017729282e-12
219,"('gigapath', 'gabmil-8_heads', 'MLP')","('resnet18', 'GAP', 'xgb')",803.0,1.8826540326699615e-10
220,"('gigapath', 'gabmil-8_heads', 'MLP')","('resnet18', 'abmil-1_heads', 'MLP')",812.0,2.2737367544323206e-11
221,"('gigapath', 'gabmil-8_heads', 'MLP')","('resnet18', 'abmil-8_heads', 'MLP')",815.0,9.094947017729282e-12
222,"('gigapath', 'gabmil-8_heads', 'MLP')","('resnet18', 'gabmil-1_heads', 'MLP')",813.0,1.7280399333685637e-11
223,"('gigapath', 'gabmil-8_heads', 'MLP')","('resnet18', 'gabmil-8_heads', 'MLP')",815.0,9.094947017729282e-12
224,"('gigapath', 'gabmil-8_heads', 'MLP')","('uni', 'GAP', 'MLP')",740.0,7.025937520666048e-07
225,"('gigapath', 'gabmil-8_heads', 'MLP')","('uni', 'GAP', 'lr')",655.0,0.00033773328959796345
226,"('gigapath', 'gabmil-8_heads', 'MLP')","('uni', 'GAP', 'xgb')",727.0,2.2638150767306797e-06
227,"('gigapath', 'gabmil-8_heads', 'MLP')","('uni', 'abmil-1_heads', 'MLP')",185.0,0.9964292414605401
228,"('gigapath', 'gabmil-8_heads', 'MLP')","('uni', 'abmil-8_heads', 'MLP')",333.0,0.8494692436606783
229,"('gigapath', 'gabmil-8_heads', 'MLP')","('uni', 'gabmil-1_heads', 'MLP')",224.0,0.9831893043330204
230,"('gigapath', 'gabmil-8_heads', 'MLP')","('uni', 'gabmil-8_heads', 'MLP')",264.0,0.9759177575260765
231,"('gigapath', 'gigapath_cls', 'MLP')","('gigapath', 'gigapath_cls', 'lr')",13.0,0.9999999999363354
232,"('gigapath', 'gigapath_cls', 'MLP')","('gigapath', 'gigapath_cls', 'xgb')",108.0,0.9999928495535642
233,"('gigapath', 'gigapath_cls', 'MLP')","('gigapath', 'gigapath_pool', 'MLP')",49.0,0.9999999776264303
234,"('gigapath', 'gigapath_cls', 'MLP')","('gigapath', 'gigapath_pool', 'lr')",8.0,0.9999999999827196
235,"('gigapath', 'gigapath_cls', 'MLP')","('gigapath', 'gigapath_pool', 'xgb')",25.0,0.999999999306965
236,"('gigapath', 'gigapath_cls', 'MLP')","('prism', 'GAP', 'MLP')",34.0,0.9999999970777935
237,"('gigapath', 'gigapath_cls', 'MLP')","('prism', 'GAP', 'lr')",33.0,0.9999999974852471
238,"('gigapath', 'gigapath_cls', 'MLP')","('prism', 'GAP', 'xgb')",42.0,0.9999999909450707
239,"('gigapath', 'gigapath_cls', 'MLP')","('prism', 'PRISM', 'MLP')",4.0,0.9999999999954525
240,"('gigapath', 'gigapath_cls', 'MLP')","('prism', 'PRISM', 'lr')",7.0,0.9999999999872671
241,"('gigapath', 'gigapath_cls', 'MLP')","('prism', 'PRISM', 'xgb')",0.0,1.0
242,"('gigapath', 'gigapath_cls', 'MLP')","('prism', 'abmil-1_heads', 'MLP')",28.0,0.9999999988531272
243,"('gigapath', 'gigapath_cls', 'MLP')","('prism', 'abmil-8_heads', 'MLP')",15.0,0.9999999998999556
244,"('gigapath', 'gigapath_cls', 'MLP')","('prism', 'gabmil-1_heads', 'MLP')",25.0,0.999999999306965
245,"('gigapath', 'gigapath_cls', 'MLP')","('prism', 'gabmil-8_heads', 'MLP')",12.0,0.9999999999499778
246,"('gigapath', 'gigapath_cls', 'MLP')","('resnet18', 'GAP', 'MLP')",270.0,0.9529936058342967
247,"('gigapath', 'gigapath_cls', 'MLP')","('resnet18', 'GAP', 'lr')",60.0,0.9999999182800821
248,"('gigapath', 'gigapath_cls', 'MLP')","('resnet18', 'GAP', 'xgb')",127.0,0.9999707705710534
249,"('gigapath', 'gigapath_cls', 'MLP')","('resnet18', 'abmil-1_heads', 'MLP')",286.0,0.9527505132091392
250,"('gigapath', 'gigapath_cls', 'MLP')","('resnet18', 'abmil-8_heads', 'MLP')",111.0,0.9999909704856691
251,"('gigapath', 'gigapath_cls', 'MLP')","('resnet18', 'gabmil-1_heads', 'MLP')",235.0,0.9914211191262439
252,"('gigapath', 'gigapath_cls', 'MLP')","('resnet18', 'gabmil-8_heads', 'MLP')",145.0,0.9999033270514701
253,"('gigapath', 'gigapath_cls', 'MLP')","('uni', 'GAP', 'MLP')",26.0,0.9999999991778168
254,"('gigapath', 'gigapath_cls', 'MLP')","('uni', 'GAP', 'lr')",18.0,0.9999999998117346
255,"('gigapath', 'gigapath_cls', 'MLP')","('uni', 'GAP', 'xgb')",0.0,1.0
256,"('gigapath', 'gigapath_cls', 'MLP')","('uni', 'abmil-1_heads', 'MLP')",15.0,0.999999916665675
257,"('gigapath', 'gigapath_cls', 'MLP')","('uni', 'abmil-8_heads', 'MLP')",5.0,0.9999999999936335
258,"('gigapath', 'gigapath_cls', 'MLP')","('uni', 'gabmil-1_heads', 'MLP')",13.0,0.9999999999363354
259,"('gigapath', 'gigapath_cls', 'MLP')","('uni', 'gabmil-8_heads', 'MLP')",8.0,0.9999999999827196
260,"('gigapath', 'gigapath_cls', 'lr')","('gigapath', 'gigapath_cls', 'xgb')",783.0,5.218680598773062e-09
261,"('gigapath', 'gigapath_cls', 'lr')","('gigapath', 'gigapath_pool', 'MLP')",681.0,7.019707300059963e-05
262,"('gigapath', 'gigapath_cls', 'lr')","('gigapath', 'gigapath_pool', 'lr')",193.0,0.9970123577329145
263,"('gigapath', 'gigapath_cls', 'lr')","('gigapath', 'gigapath_pool', 'xgb')",710.0,9.02951433090493e-06
264,"('gigapath', 'gigapath_cls', 'lr')","('prism', 'GAP', 'MLP')",313.0,0.9039020247755616
265,"('gigapath', 'gigapath_cls', 'lr')","('prism', 'GAP', 'lr')",72.0,0.999999707918505
266,"('gigapath', 'gigapath_cls', 'lr')","('prism', 'GAP', 'xgb')",553.0,0.027405145639932016
267,"('gigapath', 'gigapath_cls', 'lr')","('prism', 'PRISM', 'MLP')",4.0,0.9999999999954525
268,"('gigapath', 'gigapath_cls', 'lr')","('prism', 'PRISM', 'lr')",18.0,0.9999999998117346
269,"('gigapath', 'gigapath_cls', 'lr')","('prism', 'PRISM', 'xgb')",1.0,0.9999999999990905
270,"('gigapath', 'gigapath_cls', 'lr')","('prism', 'abmil-1_heads', 'MLP')",68.0,0.9999998062412487
271,"('gigapath', 'gigapath_cls', 'lr')","('prism', 'abmil-8_heads', 'MLP')",28.0,0.9999999988531272
272,"('gigapath', 'gigapath_cls', 'lr')","('prism', 'gabmil-1_heads', 'MLP')",58.0,0.999999934778316
273,"('gigapath', 'gigapath_cls', 'lr')","('prism', 'gabmil-8_heads', 'MLP')",46.0,0.999999208726325
274,"('gigapath', 'gigapath_cls', 'lr')","('resnet18', 'GAP', 'MLP')",763.0,9.68864684524409e-08
275,"('gigapath', 'gigapath_cls', 'lr')","('resnet18', 'GAP', 'lr')",699.0,8.085769458988906e-06
276,"('gigapath', 'gigapath_cls', 'lr')","('resnet18', 'GAP', 'xgb')",799.0,4.065441316924989e-10
277,"('gigapath', 'gigapath_cls', 'lr')","('resnet18', 'abmil-1_heads', 'MLP')",793.0,1.1468728189356625e-09
278,"('gigapath', 'gigapath_cls', 'lr')","('resnet18', 'abmil-8_heads', 'MLP')",797.0,5.820766091346741e-10
279,"('gigapath', 'gigapath_cls', 'lr')","('resnet18', 'gabmil-1_heads', 'MLP')",783.0,5.218680598773062e-09
280,"('gigapath', 'gigapath_cls', 'lr')","('resnet18', 'gabmil-8_heads', 'MLP')",811.5,3.001332515850663e-11
281,"('gigapath', 'gigapath_cls', 'lr')","('uni', 'GAP', 'MLP')",389.0,0.6125023826898541
282,"('gigapath', 'gigapath_cls', 'lr')","('uni', 'GAP', 'lr')",82.0,0.9999992282309904
283,"('gigapath', 'gigapath_cls', 'lr')","('uni', 'GAP', 'xgb')",422.0,0.43925353504255327
284,"('gigapath', 'gigapath_cls', 'lr')","('uni', 'abmil-1_heads', 'MLP')",37.0,0.9999999954725354
285,"('gigapath', 'gigapath_cls', 'lr')","('uni', 'abmil-8_heads', 'MLP')",22.0,0.9999999995934559
286,"('gigapath', 'gigapath_cls', 'lr')","('uni', 'gabmil-1_heads', 'MLP')",29.0,0.9999999986512194
287,"('gigapath', 'gigapath_cls', 'lr')","('uni', 'gabmil-8_heads', 'MLP')",18.0,0.9999999998117346
288,"('gigapath', 'gigapath_cls', 'xgb')","('gigapath', 'gigapath_pool', 'MLP')",65.0,0.9999998588527887
289,"('gigapath', 'gigapath_cls', 'xgb')","('gigapath', 'gigapath_pool', 'lr')",5.0,0.9999999999936335
290,"('gigapath', 'gigapath_cls', 'xgb')","('gigapath', 'gigapath_pool', 'xgb')",26.0,0.9999999991778168
291,"('gigapath', 'gigapath_cls', 'xgb')","('prism', 'GAP', 'MLP')",13.0,0.9999999999363354
292,"('gigapath', 'gigapath_cls', 'xgb')","('prism', 'GAP', 'lr')",19.0,0.9999999997698978
293,"('gigapath', 'gigapath_cls', 'xgb')","('prism', 'GAP', 'xgb')",26.0,0.9999999991778168
294,"('gigapath', 'gigapath_cls', 'xgb')","('prism', 'PRISM', 'MLP')",0.0,1.0
295,"('gigapath', 'gigapath_cls', 'xgb')","('prism', 'PRISM', 'lr')",2.0,0.999999999998181
296,"('gigapath', 'gigapath_cls', 'xgb')","('prism', 'PRISM', 'xgb')",0.0,1.0
297,"('gigapath', 'gigapath_cls', 'xgb')","('prism', 'abmil-1_heads', 'MLP')",16.0,0.9999999998753992
298,"('gigapath', 'gigapath_cls', 'xgb')","('prism', 'abmil-8_heads', 'MLP')",0.0,1.0
299,"('gigapath', 'gigapath_cls', 'xgb')","('prism', 'gabmil-1_heads', 'MLP')",12.0,0.9999999999499778
300,"('gigapath', 'gigapath_cls', 'xgb')","('prism', 'gabmil-8_heads', 'MLP')",3.0,0.9999999999972715
301,"('gigapath', 'gigapath_cls', 'xgb')","('resnet18', 'GAP', 'MLP')",588.0,0.007938110973555013
302,"('gigapath', 'gigapath_cls', 'xgb')","('resnet18', 'GAP', 'lr')",125.0,0.9999746084140497
303,"('gigapath', 'gigapath_cls', 'xgb')","('resnet18', 'GAP', 'xgb')",321.0,0.8841313372395234
304,"('gigapath', 'gigapath_cls', 'xgb')","('resnet18', 'abmil-1_heads', 'MLP')",593.0,0.00651291589201719
305,"('gigapath', 'gigapath_cls', 'xgb')","('resnet18', 'abmil-8_heads', 'MLP')",315.0,0.8992033025524506
306,"('gigapath', 'gigapath_cls', 'xgb')","('resnet18', 'gabmil-1_heads', 'MLP')",536.0,0.0459120308241836
307,"('gigapath', 'gigapath_cls', 'xgb')","('resnet18', 'gabmil-8_heads', 'MLP')",449.0,0.3042529109879979
308,"('gigapath', 'gigapath_cls', 'xgb')","('uni', 'GAP', 'MLP')",0.0,1.0
309,"('gigapath', 'gigapath_cls', 'xgb')","('uni', 'GAP', 'lr')",0.0,1.0
310,"('gigapath', 'gigapath_cls', 'xgb')","('uni', 'GAP', 'xgb')",6.0,0.999999999990905
311,"('gigapath', 'gigapath_cls', 'xgb')","('uni', 'abmil-1_heads', 'MLP')",2.0,0.999999999998181
312,"('gigapath', 'gigapath_cls', 'xgb')","('uni', 'abmil-8_heads', 'MLP')",0.0,1.0
313,"('gigapath', 'gigapath_cls', 'xgb')","('uni', 'gabmil-1_heads', 'MLP')",0.0,1.0
314,"('gigapath', 'gigapath_cls', 'xgb')","('uni', 'gabmil-8_heads', 'MLP')",0.0,1.0
315,"('gigapath', 'gigapath_pool', 'MLP')","('gigapath', 'gigapath_pool', 'lr')",45.0,0.9999999865412974
316,"('gigapath', 'gigapath_pool', 'MLP')","('gigapath', 'gigapath_pool', 'xgb')",549.0,0.031092046418052632
317,"('gigapath', 'gigapath_pool', 'MLP')","('prism', 'GAP', 'MLP')",81.0,0.999991914230541
318,"('gigapath', 'gigapath_pool', 'MLP')","('prism', 'GAP', 'lr')",37.0,0.9999999954725354
319,"('gigapath', 'gigapath_pool', 'MLP')","('prism', 'GAP', 'xgb')",279.0,0.9614996928612527
320,"('gigapath', 'gigapath_pool', 'MLP')","('prism', 'PRISM', 'MLP')",0.0,1.0
321,"('gigapath', 'gigapath_pool', 'MLP')","('prism', 'PRISM', 'lr')",7.0,0.9999999999872671
322,"('gigapath', 'gigapath_pool', 'MLP')","('prism', 'PRISM', 'xgb')",0.0,1.0
323,"('gigapath', 'gigapath_pool', 'MLP')","('prism', 'abmil-1_heads', 'MLP')",37.0,0.9999999954725354
324,"('gigapath', 'gigapath_pool', 'MLP')","('prism', 'abmil-8_heads', 'MLP')",1.0,0.9999999999990905
325,"('gigapath', 'gigapath_pool', 'MLP')","('prism', 'gabmil-1_heads', 'MLP')",28.0,0.9999999988531272
326,"('gigapath', 'gigapath_pool', 'MLP')","('prism', 'gabmil-8_heads', 'MLP')",21.0,0.9999999996625775
327,"('gigapath', 'gigapath_pool', 'MLP')","('resnet18', 'GAP', 'MLP')",746.0,3.940094757126644e-07
328,"('gigapath', 'gigapath_pool', 'MLP')","('resnet18', 'GAP', 'lr')",437.0,0.36227724709442555
329,"('gigapath', 'gigapath_pool', 'MLP')","('resnet18', 'GAP', 'xgb')",660.0,0.00025401910261280136
330,"('gigapath', 'gigapath_pool', 'MLP')","('resnet18', 'abmil-1_heads', 'MLP')",748.0,3.2298339647240937e-07
331,"('gigapath', 'gigapath_pool', 'MLP')","('resnet18', 'abmil-8_heads', 'MLP')",715.0,6.105349712015595e-06
332,"('gigapath', 'gigapath_pool', 'MLP')","('resnet18', 'gabmil-1_heads', 'MLP')",740.0,7.025937520666048e-07
333,"('gigapath', 'gigapath_pool', 'MLP')","('resnet18', 'gabmil-8_heads', 'MLP')",757.0,1.267735569854267e-07
334,"('gigapath', 'gigapath_pool', 'MLP')","('uni', 'GAP', 'MLP')",53.0,0.9999999635792847
335,"('gigapath', 'gigapath_pool', 'MLP')","('uni', 'GAP', 'lr')",3.0,0.9999999999972715
336,"('gigapath', 'gigapath_pool', 'MLP')","('uni', 'GAP', 'xgb')",196.0,0.9983993384630594
337,"('gigapath', 'gigapath_pool', 'MLP')","('uni', 'abmil-1_heads', 'MLP')",0.0,1.0
338,"('gigapath', 'gigapath_pool', 'MLP')","('uni', 'abmil-8_heads', 'MLP')",0.0,1.0
339,"('gigapath', 'gigapath_pool', 'MLP')","('uni', 'gabmil-1_heads', 'MLP')",0.0,1.0
340,"('gigapath', 'gigapath_pool', 'MLP')","('uni', 'gabmil-8_heads', 'MLP')",0.0,1.0
341,"('gigapath', 'gigapath_pool', 'lr')","('gigapath', 'gigapath_pool', 'xgb')",797.0,5.820766091346741e-10
342,"('gigapath', 'gigapath_pool', 'lr')","('prism', 'GAP', 'MLP')",505.0,0.10320648256856657
343,"('gigapath', 'gigapath_pool', 'lr')","('prism', 'GAP', 'lr')",104.0,0.9999947975129544
344,"('gigapath', 'gigapath_pool', 'lr')","('prism', 'GAP', 'xgb')",670.0,4.664742938977577e-05
345,"('gigapath', 'gigapath_pool', 'lr')","('prism', 'PRISM', 'MLP')",18.0,0.9999999998117346
346,"('gigapath', 'gigapath_pool', 'lr')","('prism', 'PRISM', 'lr')",25.0,0.999999999306965
347,"('gigapath', 'gigapath_pool', 'lr')","('prism', 'PRISM', 'xgb')",22.0,0.9999999995934559
348,"('gigapath', 'gigapath_pool', 'lr')","('prism', 'abmil-1_heads', 'MLP')",87.0,0.9999987781347954
349,"('gigapath', 'gigapath_pool', 'lr')","('prism', 'abmil-8_heads', 'MLP')",36.0,0.9999999960800778
350,"('gigapath', 'gigapath_pool', 'lr')","('prism', 'gabmil-1_heads', 'MLP')",77.0,0.999999520806341
351,"('gigapath', 'gigapath_pool', 'lr')","('prism', 'gabmil-8_heads', 'MLP')",70.0,0.9999997617105691
352,"('gigapath', 'gigapath_pool', 'lr')","('resnet18', 'GAP', 'MLP')",765.0,8.33343249567458e-08
353,"('gigapath', 'gigapath_pool', 'lr')","('resnet18', 'GAP', 'lr')",756.0,1.6319930214068652e-07
354,"('gigapath', 'gigapath_pool', 'lr')","('resnet18', 'GAP', 'xgb')",814.0,1.2732925824820995e-11
355,"('gigapath', 'gigapath_pool', 'lr')","('resnet18', 'abmil-1_heads', 'MLP')",807.0,8.003553375601768e-11
356,"('gigapath', 'gigapath_pool', 'lr')","('resnet18', 'abmil-8_heads', 'MLP')",813.0,1.7280399333685637e-11
357,"('gigapath', 'gigapath_pool', 'lr')","('resnet18', 'gabmil-1_heads', 'MLP')",808.0,6.366462912410498e-11
358,"('gigapath', 'gigapath_pool', 'lr')","('resnet18', 'gabmil-8_heads', 'MLP')",815.0,9.094947017729282e-12
359,"('gigapath', 'gigapath_pool', 'lr')","('uni', 'GAP', 'MLP')",618.0,0.0022224060085136443
360,"('gigapath', 'gigapath_pool', 'lr')","('uni', 'GAP', 'lr')",130.0,0.9999640099131284
361,"('gigapath', 'gigapath_pool', 'lr')","('uni', 'GAP', 'xgb')",586.0,0.0031173125063974176
362,"('gigapath', 'gigapath_pool', 'lr')","('uni', 'abmil-1_heads', 'MLP')",45.0,0.9999999865412974
363,"('gigapath', 'gigapath_pool', 'lr')","('uni', 'abmil-8_heads', 'MLP')",55.0,0.9999999538658813
364,"('gigapath', 'gigapath_pool', 'lr')","('uni', 'gabmil-1_heads', 'MLP')",47.0,0.9999999825986379
365,"('gigapath', 'gigapath_pool', 'lr')","('uni', 'gabmil-8_heads', 'MLP')",38.0,0.9999999947813194
366,"('gigapath', 'gigapath_pool', 'xgb')","('prism', 'GAP', 'MLP')",79.0,0.999999418927473
367,"('gigapath', 'gigapath_pool', 'xgb')","('prism', 'GAP', 'lr')",40.0,0.9999999931023922
368,"('gigapath', 'gigapath_pool', 'xgb')","('prism', 'GAP', 'xgb')",130.0,0.999857352883849
369,"('gigapath', 'gigapath_pool', 'xgb')","('prism', 'PRISM', 'MLP')",0.0,1.0
370,"('gigapath', 'gigapath_pool', 'xgb')","('prism', 'PRISM', 'lr')",5.0,0.9999999999936335
371,"('gigapath', 'gigapath_pool', 'xgb')","('prism', 'PRISM', 'xgb')",0.0,1.0
372,"('gigapath', 'gigapath_pool', 'xgb')","('prism', 'abmil-1_heads', 'MLP')",42.0,0.9999999909450707
373,"('gigapath', 'gigapath_pool', 'xgb')","('prism', 'abmil-8_heads', 'MLP')",13.0,0.9999999999363354
374,"('gigapath', 'gigapath_pool', 'xgb')","('prism', 'gabmil-1_heads', 'MLP')",36.0,0.9999999960800778
375,"('gigapath', 'gigapath_pool', 'xgb')","('prism', 'gabmil-8_heads', 'MLP')",25.0,0.999999999306965
376,"('gigapath', 'gigapath_pool', 'xgb')","('resnet18', 'GAP', 'MLP')",739.0,7.717690095887519e-07
377,"('gigapath', 'gigapath_pool', 'xgb')","('resnet18', 'GAP', 'lr')",285.0,0.9540879691758164
378,"('gigapath', 'gigapath_pool', 'xgb')","('resnet18', 'GAP', 'xgb')",574.0,0.01342636028311972
379,"('gigapath', 'gigapath_pool', 'xgb')","('resnet18', 'abmil-1_heads', 'MLP')",747.0,3.5687207855517045e-07
380,"('gigapath', 'gigapath_pool', 'xgb')","('resnet18', 'abmil-8_heads', 'MLP')",677.0,9.074450372281717e-05
381,"('gigapath', 'gigapath_pool', 'xgb')","('resnet18', 'gabmil-1_heads', 'MLP')",733.0,1.3368562576943077e-06
382,"('gigapath', 'gigapath_pool', 'xgb')","('resnet18', 'gabmil-8_heads', 'MLP')",727.0,2.2638150767306797e-06
383,"('gigapath', 'gigapath_pool', 'xgb')","('uni', 'GAP', 'MLP')",52.0,0.9999999676965672
384,"('gigapath', 'gigapath_pool', 'xgb')","('uni', 'GAP', 'lr')",19.0,0.9999999997698978
385,"('gigapath', 'gigapath_pool', 'xgb')","('uni', 'GAP', 'xgb')",71.0,0.9999997360737325
386,"('gigapath', 'gigapath_pool', 'xgb')","('uni', 'abmil-1_heads', 'MLP')",12.0,0.9999999999499778
387,"('gigapath', 'gigapath_pool', 'xgb')","('uni', 'abmil-8_heads', 'MLP')",3.0,0.9999999999972715
388,"('gigapath', 'gigapath_pool', 'xgb')","('uni', 'gabmil-1_heads', 'MLP')",10.0,0.9999999999699867
389,"('gigapath', 'gigapath_pool', 'xgb')","('uni', 'gabmil-8_heads', 'MLP')",5.0,0.9999999999936335
390,"('prism', 'GAP', 'MLP')","('prism', 'GAP', 'lr')",41.0,0.9999999920901246
391,"('prism', 'GAP', 'MLP')","('prism', 'GAP', 'xgb')",691.0,3.5990086871606763e-05
392,"('prism', 'GAP', 'MLP')","('prism', 'PRISM', 'MLP')",7.0,0.9999999999872671
393,"('prism', 'GAP', 'MLP')","('prism', 'PRISM', 'lr')",33.0,0.9999996852408785
394,"('prism', 'GAP', 'MLP')","('prism', 'PRISM', 'xgb')",0.0,1.0
395,"('prism', 'GAP', 'MLP')","('prism', 'abmil-1_heads', 'MLP')",54.0,0.9999999589863364
396,"('prism', 'GAP', 'MLP')","('prism', 'abmil-8_heads', 'MLP')",31.0,0.9999999981491783
397,"('prism', 'GAP', 'MLP')","('prism', 'gabmil-1_heads', 'MLP')",50.0,0.999999974680577
398,"('prism', 'GAP', 'MLP')","('prism', 'gabmil-8_heads', 'MLP')",39.0,0.999999993995516
399,"('prism', 'GAP', 'MLP')","('resnet18', 'GAP', 'MLP')",776.0,1.3458702596835792e-08
400,"('prism', 'GAP', 'MLP')","('resnet18', 'GAP', 'lr')",650.0,0.0004456084598132293
401,"('prism', 'GAP', 'MLP')","('resnet18', 'GAP', 'xgb')",745.0,4.3468298827065155e-07
402,"('prism', 'GAP', 'MLP')","('resnet18', 'abmil-1_heads', 'MLP')",788.0,2.5147528504021466e-09
403,"('prism', 'GAP', 'MLP')","('resnet18', 'abmil-8_heads', 'MLP')",781.0,6.897607818245888e-09
404,"('prism', 'GAP', 'MLP')","('resnet18', 'gabmil-1_heads', 'MLP')",788.0,2.5147528504021466e-09
405,"('prism', 'GAP', 'MLP')","('resnet18', 'gabmil-8_heads', 'MLP')",793.0,1.1468728189356625e-09
406,"('prism', 'GAP', 'MLP')","('uni', 'GAP', 'MLP')",497.0,0.12396359589092754
407,"('prism', 'GAP', 'MLP')","('uni', 'GAP', 'lr')",105.0,0.9999943626971799
408,"('prism', 'GAP', 'MLP')","('uni', 'GAP', 'xgb')",499.0,0.11852515531882091
409,"('prism', 'GAP', 'MLP')","('uni', 'abmil-1_heads', 'MLP')",12.0,0.9999999999499778
410,"('prism', 'GAP', 'MLP')","('uni', 'abmil-8_heads', 'MLP')",13.0,0.9999999283763139
411,"('prism', 'GAP', 'MLP')","('uni', 'gabmil-1_heads', 'MLP')",2.0,0.999999999998181
412,"('prism', 'GAP', 'MLP')","('uni', 'gabmil-8_heads', 'MLP')",0.0,1.0
413,"('prism', 'GAP', 'lr')","('prism', 'GAP', 'xgb')",805.0,1.2460077414289117e-10
414,"('prism', 'GAP', 'lr')","('prism', 'PRISM', 'MLP')",83.0,0.9999908294608079
415,"('prism', 'GAP', 'lr')","('prism', 'PRISM', 'lr')",131.0,0.9999614562102579
416,"('prism', 'GAP', 'lr')","('prism', 'PRISM', 'xgb')",101.0,0.9999959236201903
417,"('prism', 'GAP', 'lr')","('prism', 'abmil-1_heads', 'MLP')",177.0,0.9993845965836954
418,"('prism', 'GAP', 'lr')","('prism', 'abmil-8_heads', 'MLP')",177.0,0.9993845965836954
419,"('prism', 'GAP', 'lr')","('prism', 'gabmil-1_heads', 'MLP')",171.0,0.9995543915401868
420,"('prism', 'GAP', 'lr')","('prism', 'gabmil-8_heads', 'MLP')",150.0,0.9998680401276943
421,"('prism', 'GAP', 'lr')","('resnet18', 'GAP', 'MLP')",782.0,6.004484021104872e-09
422,"('prism', 'GAP', 'lr')","('resnet18', 'GAP', 'lr')",779.0,9.054929250851274e-09
423,"('prism', 'GAP', 'lr')","('resnet18', 'GAP', 'xgb')",784.0,4.527464625425637e-09
424,"('prism', 'GAP', 'lr')","('resnet18', 'abmil-1_heads', 'MLP')",792.0,1.3487806427292526e-09
425,"('prism', 'GAP', 'lr')","('resnet18', 'abmil-8_heads', 'MLP')",791.0,1.5816112863831222e-09
426,"('prism', 'GAP', 'lr')","('resnet18', 'gabmil-1_heads', 'MLP')",791.0,1.5816112863831222e-09
427,"('prism', 'GAP', 'lr')","('resnet18', 'gabmil-8_heads', 'MLP')",794.0,9.722498361952603e-10
428,"('prism', 'GAP', 'lr')","('uni', 'GAP', 'MLP')",743.0,5.278707249090075e-07
429,"('prism', 'GAP', 'lr')","('uni', 'GAP', 'lr')",502.0,0.05903102918571102
430,"('prism', 'GAP', 'lr')","('uni', 'GAP', 'xgb')",740.0,7.025937520666048e-07
431,"('prism', 'GAP', 'lr')","('uni', 'abmil-1_heads', 'MLP')",98.0,0.9999344474626488
432,"('prism', 'GAP', 'lr')","('uni', 'abmil-8_heads', 'MLP')",213.0,0.9965224035568099
433,"('prism', 'GAP', 'lr')","('uni', 'gabmil-1_heads', 'MLP')",142.0,0.9999201298205662
434,"('prism', 'GAP', 'lr')","('uni', 'gabmil-8_heads', 'MLP')",153.0,0.9998416073749468
435,"('prism', 'GAP', 'xgb')","('prism', 'PRISM', 'MLP')",0.0,1.0
436,"('prism', 'GAP', 'xgb')","('prism', 'PRISM', 'lr')",6.0,0.999999999990905
437,"('prism', 'GAP', 'xgb')","('prism', 'PRISM', 'xgb')",0.0,1.0
438,"('prism', 'GAP', 'xgb')","('prism', 'abmil-1_heads', 'MLP')",20.0,0.9999999997207851
439,"('prism', 'GAP', 'xgb')","('prism', 'abmil-8_heads', 'MLP')",0.0,1.0
440,"('prism', 'GAP', 'xgb')","('prism', 'gabmil-1_heads', 'MLP')",11.0,0.9999999999608917
441,"('prism', 'GAP', 'xgb')","('prism', 'gabmil-8_heads', 'MLP')",9.0,0.9999999999772626
442,"('prism', 'GAP', 'xgb')","('resnet18', 'GAP', 'MLP')",771.0,2.531942300265655e-08
443,"('prism', 'GAP', 'xgb')","('resnet18', 'GAP', 'lr')",525.0,0.06235819194534997
444,"('prism', 'GAP', 'xgb')","('resnet18', 'GAP', 'xgb')",699.0,2.049409522442147e-05
445,"('prism', 'GAP', 'xgb')","('resnet18', 'abmil-1_heads', 'MLP')",769.0,3.2303432817570865e-08
446,"('prism', 'GAP', 'xgb')","('resnet18', 'abmil-8_heads', 'MLP')",736.0,1.0187495718128048e-06
447,"('prism', 'GAP', 'xgb')","('resnet18', 'gabmil-1_heads', 'MLP')",764.0,5.817491910420358e-08
448,"('prism', 'GAP', 'xgb')","('resnet18', 'gabmil-8_heads', 'MLP')",775.0,1.531498128315434e-08
449,"('prism', 'GAP', 'xgb')","('uni', 'GAP', 'MLP')",198.0,0.9982397582198246
450,"('prism', 'GAP', 'xgb')","('uni', 'GAP', 'lr')",21.0,0.9999999996625775
451,"('prism', 'GAP', 'xgb')","('uni', 'GAP', 'xgb')",305.0,0.9211245153101117
452,"('prism', 'GAP', 'xgb')","('uni', 'abmil-1_heads', 'MLP')",0.0,1.0
453,"('prism', 'GAP', 'xgb')","('uni', 'abmil-8_heads', 'MLP')",0.0,1.0
454,"('prism', 'GAP', 'xgb')","('uni', 'gabmil-1_heads', 'MLP')",0.0,1.0
455,"('prism', 'GAP', 'xgb')","('uni', 'gabmil-8_heads', 'MLP')",0.0,1.0
456,"('prism', 'PRISM', 'MLP')","('prism', 'PRISM', 'lr')",629.0,0.0004261221479276679
457,"('prism', 'PRISM', 'MLP')","('prism', 'PRISM', 'xgb')",621.0,0.0019337554258527234
458,"('prism', 'PRISM', 'MLP')","('prism', 'abmil-1_heads', 'MLP')",693.0,3.134132748527918e-05
459,"('prism', 'PRISM', 'MLP')","('prism', 'abmil-8_heads', 'MLP')",708.0,1.0523882338020485e-05
460,"('prism', 'PRISM', 'MLP')","('prism', 'gabmil-1_heads', 'MLP')",699.0,2.049409522442147e-05
461,"('prism', 'PRISM', 'MLP')","('prism', 'gabmil-8_heads', 'MLP')",676.0,9.667294852988562e-05
462,"('prism', 'PRISM', 'MLP')","('resnet18', 'GAP', 'MLP')",813.0,1.7280399333685637e-11
463,"('prism', 'PRISM', 'MLP')","('resnet18', 'GAP', 'lr')",817.0,4.547473508864641e-12
464,"('prism', 'PRISM', 'MLP')","('resnet18', 'GAP', 'xgb')",820.0,9.094947017729282e-13
465,"('prism', 'PRISM', 'MLP')","('resnet18', 'abmil-1_heads', 'MLP')",820.0,9.094947017729282e-13
466,"('prism', 'PRISM', 'MLP')","('resnet18', 'abmil-8_heads', 'MLP')",820.0,9.094947017729282e-13
467,"('prism', 'PRISM', 'MLP')","('resnet18', 'gabmil-1_heads', 'MLP')",820.0,9.094947017729282e-13
468,"('prism', 'PRISM', 'MLP')","('resnet18', 'gabmil-8_heads', 'MLP')",820.0,9.094947017729282e-13
469,"('prism', 'PRISM', 'MLP')","('uni', 'GAP', 'MLP')",776.0,3.589566486386706e-08
470,"('prism', 'PRISM', 'MLP')","('uni', 'GAP', 'lr')",746.0,3.940094757126644e-07
471,"('prism', 'PRISM', 'MLP')","('uni', 'GAP', 'xgb')",782.0,6.004484021104872e-09
472,"('prism', 'PRISM', 'MLP')","('uni', 'abmil-1_heads', 'MLP')",635.0,0.0009797538523343974
473,"('prism', 'PRISM', 'MLP')","('uni', 'abmil-8_heads', 'MLP')",726.0,2.4664041120558977e-06
474,"('prism', 'PRISM', 'MLP')","('uni', 'gabmil-1_heads', 'MLP')",622.0,0.0006027839501798765
475,"('prism', 'PRISM', 'MLP')","('uni', 'gabmil-8_heads', 'MLP')",706.0,1.2242584489285946e-05
476,"('prism', 'PRISM', 'lr')","('prism', 'PRISM', 'xgb')",353.0,0.7781333409857325
477,"('prism', 'PRISM', 'lr')","('prism', 'abmil-1_heads', 'MLP')",584.0,0.00926338828594453
478,"('prism', 'PRISM', 'lr')","('prism', 'abmil-8_heads', 'MLP')",556.0,0.010264683616559472
479,"('prism', 'PRISM', 'lr')","('prism', 'gabmil-1_heads', 'MLP')",554.0,0.026541326487858896
480,"('prism', 'PRISM', 'lr')","('prism', 'gabmil-8_heads', 'MLP')",581.0,0.010377284787864482
481,"('prism', 'PRISM', 'lr')","('resnet18', 'GAP', 'MLP')",805.0,1.2460077414289117e-10
482,"('prism', 'PRISM', 'lr')","('resnet18', 'GAP', 'lr')",819.0,1.8189894035458565e-12
483,"('prism', 'PRISM', 'lr')","('resnet18', 'GAP', 'xgb')",813.0,1.7280399333685637e-11
484,"('prism', 'PRISM', 'lr')","('resnet18', 'abmil-1_heads', 'MLP')",814.0,1.2732925824820995e-11
485,"('prism', 'PRISM', 'lr')","('resnet18', 'abmil-8_heads', 'MLP')",817.0,4.547473508864641e-12
486,"('prism', 'PRISM', 'lr')","('resnet18', 'gabmil-1_heads', 'MLP')",816.0,6.366462912410498e-12
487,"('prism', 'PRISM', 'lr')","('resnet18', 'gabmil-8_heads', 'MLP')",818.0,2.7284841053187847e-12
488,"('prism', 'PRISM', 'lr')","('uni', 'GAP', 'MLP')",778.0,1.0350049706175923e-08
489,"('prism', 'PRISM', 'lr')","('uni', 'GAP', 'lr')",708.0,1.0523882338020485e-05
490,"('prism', 'PRISM', 'lr')","('uni', 'GAP', 'xgb')",757.0,1.267735569854267e-07
491,"('prism', 'PRISM', 'lr')","('uni', 'abmil-1_heads', 'MLP')",454.0,0.28133384116608795
492,"('prism', 'PRISM', 'lr')","('uni', 'abmil-8_heads', 'MLP')",470.0,0.07451355552549145
493,"('prism', 'PRISM', 'lr')","('uni', 'gabmil-1_heads', 'MLP')",440.0,0.15674927707115238
494,"('prism', 'PRISM', 'lr')","('uni', 'gabmil-8_heads', 'MLP')",469.0,0.1351341642746421
495,"('prism', 'PRISM', 'xgb')","('prism', 'abmil-1_heads', 'MLP')",591.0,0.0070540475899179
496,"('prism', 'PRISM', 'xgb')","('prism', 'abmil-8_heads', 'MLP')",583.0,0.009622770078749454
497,"('prism', 'PRISM', 'xgb')","('prism', 'gabmil-1_heads', 'MLP')",544.0,0.03625316605939588
498,"('prism', 'PRISM', 'xgb')","('prism', 'gabmil-8_heads', 'MLP')",588.0,0.007938110973555013
499,"('prism', 'PRISM', 'xgb')","('resnet18', 'GAP', 'MLP')",816.0,6.366462912410498e-12
500,"('prism', 'PRISM', 'xgb')","('resnet18', 'GAP', 'lr')",819.0,1.8189894035458565e-12
501,"('prism', 'PRISM', 'xgb')","('resnet18', 'GAP', 'xgb')",820.0,9.094947017729282e-13
502,"('prism', 'PRISM', 'xgb')","('resnet18', 'abmil-1_heads', 'MLP')",820.0,9.094947017729282e-13
503,"('prism', 'PRISM', 'xgb')","('resnet18', 'abmil-8_heads', 'MLP')",820.0,9.094947017729282e-13
504,"('prism', 'PRISM', 'xgb')","('resnet18', 'gabmil-1_heads', 'MLP')",820.0,9.094947017729282e-13
505,"('prism', 'PRISM', 'xgb')","('resnet18', 'gabmil-8_heads', 'MLP')",820.0,9.094947017729282e-13
506,"('prism', 'PRISM', 'xgb')","('uni', 'GAP', 'MLP')",810.0,3.9108272176235914e-11
507,"('prism', 'PRISM', 'xgb')","('uni', 'GAP', 'lr')",679.0,3.839348493391382e-06
508,"('prism', 'PRISM', 'xgb')","('uni', 'GAP', 'xgb')",750.0,2.532959502819474e-07
509,"('prism', 'PRISM', 'xgb')","('uni', 'abmil-1_heads', 'MLP')",511.0,0.08934820786180353
510,"('prism', 'PRISM', 'xgb')","('uni', 'abmil-8_heads', 'MLP')",547.0,0.005238856417280673
511,"('prism', 'PRISM', 'xgb')","('uni', 'gabmil-1_heads', 'MLP')",524.0,0.030744011358566487
512,"('prism', 'PRISM', 'xgb')","('uni', 'gabmil-8_heads', 'MLP')",568.0,0.016609992411758867
513,"('prism', 'abmil-1_heads', 'MLP')","('prism', 'abmil-8_heads', 'MLP')",382.0,0.6476561628460331
514,"('prism', 'abmil-1_heads', 'MLP')","('prism', 'gabmil-1_heads', 'MLP')",225.0,0.8393193973524603
515,"('prism', 'abmil-1_heads', 'MLP')","('prism', 'gabmil-8_heads', 'MLP')",373.0,0.48553924079722954
516,"('prism', 'abmil-1_heads', 'MLP')","('resnet18', 'GAP', 'MLP')",785.0,3.919922164641321e-09
517,"('prism', 'abmil-1_heads', 'MLP')","('resnet18', 'GAP', 'lr')",786.0,3.3878677641041577e-09
518,"('prism', 'abmil-1_heads', 'MLP')","('resnet18', 'GAP', 'xgb')",788.0,2.5147528504021466e-09
519,"('prism', 'abmil-1_heads', 'MLP')","('resnet18', 'abmil-1_heads', 'MLP')",798.0,4.874891601502895e-10
520,"('prism', 'abmil-1_heads', 'MLP')","('resnet18', 'abmil-8_heads', 'MLP')",797.0,5.820766091346741e-10
521,"('prism', 'abmil-1_heads', 'MLP')","('resnet18', 'gabmil-1_heads', 'MLP')",799.0,4.065441316924989e-10
522,"('prism', 'abmil-1_heads', 'MLP')","('resnet18', 'gabmil-8_heads', 'MLP')",800.0,3.374225343577564e-10
523,"('prism', 'abmil-1_heads', 'MLP')","('uni', 'GAP', 'MLP')",729.0,1.9038552636629902e-06
524,"('prism', 'abmil-1_heads', 'MLP')","('uni', 'GAP', 'lr')",628.0,0.0013853147693225765
525,"('prism', 'abmil-1_heads', 'MLP')","('uni', 'GAP', 'xgb')",714.0,6.608917828998528e-06
526,"('prism', 'abmil-1_heads', 'MLP')","('uni', 'abmil-1_heads', 'MLP')",258.0,0.980276659327501
527,"('prism', 'abmil-1_heads', 'MLP')","('uni', 'abmil-8_heads', 'MLP')",386.0,0.6276978209107256
528,"('prism', 'abmil-1_heads', 'MLP')","('uni', 'gabmil-1_heads', 'MLP')",303.0,0.8876423317482933
529,"('prism', 'abmil-1_heads', 'MLP')","('uni', 'gabmil-8_heads', 'MLP')",360.0,0.7493126299632422
530,"('prism', 'abmil-8_heads', 'MLP')","('prism', 'gabmil-1_heads', 'MLP')",349.0,0.6224033302371749
531,"('prism', 'abmil-8_heads', 'MLP')","('prism', 'gabmil-8_heads', 'MLP')",426.0,0.41837750536433305
532,"('prism', 'abmil-8_heads', 'MLP')","('resnet18', 'GAP', 'MLP')",798.0,4.874891601502895e-10
533,"('prism', 'abmil-8_heads', 'MLP')","('resnet18', 'GAP', 'lr')",819.0,1.8189894035458565e-12
534,"('prism', 'abmil-8_heads', 'MLP')","('resnet18', 'GAP', 'xgb')",809.0,5.002220859751105e-11
535,"('prism', 'abmil-8_heads', 'MLP')","('resnet18', 'abmil-1_heads', 'MLP')",814.0,1.2732925824820995e-11
536,"('prism', 'abmil-8_heads', 'MLP')","('resnet18', 'abmil-8_heads', 'MLP')",777.0,3.321211344063411e-08
537,"('prism', 'abmil-8_heads', 'MLP')","('resnet18', 'gabmil-1_heads', 'MLP')",815.0,9.094947017729282e-12
538,"('prism', 'abmil-8_heads', 'MLP')","('resnet18', 'gabmil-8_heads', 'MLP')",818.0,2.7284841053187847e-12
539,"('prism', 'abmil-8_heads', 'MLP')","('uni', 'GAP', 'MLP')",725.0,1.4703103225188442e-06
540,"('prism', 'abmil-8_heads', 'MLP')","('uni', 'GAP', 'lr')",660.0,0.00025401910261280136
541,"('prism', 'abmil-8_heads', 'MLP')","('uni', 'GAP', 'xgb')",733.0,1.3368562576943077e-06
542,"('prism', 'abmil-8_heads', 'MLP')","('uni', 'abmil-1_heads', 'MLP')",199.0,0.9961552127396757
543,"('prism', 'abmil-8_heads', 'MLP')","('uni', 'abmil-8_heads', 'MLP')",343.0,0.8158999152847173
544,"('prism', 'abmil-8_heads', 'MLP')","('uni', 'gabmil-1_heads', 'MLP')",259.0,0.9795993024781637
545,"('prism', 'abmil-8_heads', 'MLP')","('uni', 'gabmil-8_heads', 'MLP')",253.0,0.9558110809552731
546,"('prism', 'gabmil-1_heads', 'MLP')","('prism', 'gabmil-8_heads', 'MLP')",471.0,0.21010612540612783
547,"('prism', 'gabmil-1_heads', 'MLP')","('resnet18', 'GAP', 'MLP')",786.0,3.3878677641041577e-09
548,"('prism', 'gabmil-1_heads', 'MLP')","('resnet18', 'GAP', 'lr')",788.0,2.5147528504021466e-09
549,"('prism', 'gabmil-1_heads', 'MLP')","('resnet18', 'GAP', 'xgb')",790.0,1.850821718107909e-09
550,"('prism', 'gabmil-1_heads', 'MLP')","('resnet18', 'abmil-1_heads', 'MLP')",799.0,4.065441316924989e-10
551,"('prism', 'gabmil-1_heads', 'MLP')","('resnet18', 'abmil-8_heads', 'MLP')",798.0,4.874891601502895e-10
552,"('prism', 'gabmil-1_heads', 'MLP')","('resnet18', 'gabmil-1_heads', 'MLP')",801.0,2.7921487344428897e-10
553,"('prism', 'gabmil-1_heads', 'MLP')","('resnet18', 'gabmil-8_heads', 'MLP')",801.0,2.7921487344428897e-10
554,"('prism', 'gabmil-1_heads', 'MLP')","('uni', 'GAP', 'MLP')",733.0,1.3368562576943077e-06
555,"('prism', 'gabmil-1_heads', 'MLP')","('uni', 'GAP', 'lr')",647.0,0.0005243565419732477
556,"('prism', 'gabmil-1_heads', 'MLP')","('uni', 'GAP', 'xgb')",720.0,4.076379809703212e-06
557,"('prism', 'gabmil-1_heads', 'MLP')","('uni', 'abmil-1_heads', 'MLP')",259.0,0.966233082186009
558,"('prism', 'gabmil-1_heads', 'MLP')","('uni', 'abmil-8_heads', 'MLP')",378.0,0.5664959309573561
559,"('prism', 'gabmil-1_heads', 'MLP')","('uni', 'gabmil-1_heads', 'MLP')",311.0,0.8648658357253579
560,"('prism', 'gabmil-1_heads', 'MLP')","('uni', 'gabmil-8_heads', 'MLP')",348.0,0.72109917228965
561,"('prism', 'gabmil-8_heads', 'MLP')","('resnet18', 'GAP', 'MLP')",800.0,3.374225343577564e-10
562,"('prism', 'gabmil-8_heads', 'MLP')","('resnet18', 'GAP', 'lr')",812.0,2.2737367544323206e-11
563,"('prism', 'gabmil-8_heads', 'MLP')","('resnet18', 'GAP', 'xgb')",807.0,8.003553375601768e-11
564,"('prism', 'gabmil-8_heads', 'MLP')","('resnet18', 'abmil-1_heads', 'MLP')",776.0,3.589566486386706e-08
565,"('prism', 'gabmil-8_heads', 'MLP')","('resnet18', 'abmil-8_heads', 'MLP')",816.0,6.366462912410498e-12
566,"('prism', 'gabmil-8_heads', 'MLP')","('resnet18', 'gabmil-1_heads', 'MLP')",777.0,3.321211344063411e-08
567,"('prism', 'gabmil-8_heads', 'MLP')","('resnet18', 'gabmil-8_heads', 'MLP')",818.0,2.7284841053187847e-12
568,"('prism', 'gabmil-8_heads', 'MLP')","('uni', 'GAP', 'MLP')",754.0,1.7449474398745224e-07
569,"('prism', 'gabmil-8_heads', 'MLP')","('uni', 'GAP', 'lr')",679.0,7.987017943378305e-05
570,"('prism', 'gabmil-8_heads', 'MLP')","('uni', 'GAP', 'xgb')",726.0,2.4664041120558977e-06
571,"('prism', 'gabmil-8_heads', 'MLP')","('uni', 'abmil-1_heads', 'MLP')",247.0,0.9865736397168803
572,"('prism', 'gabmil-8_heads', 'MLP')","('uni', 'abmil-8_heads', 'MLP')",333.0,0.8494692436606783
573,"('prism', 'gabmil-8_heads', 'MLP')","('uni', 'gabmil-1_heads', 'MLP')",268.0,0.931424328846185
574,"('prism', 'gabmil-8_heads', 'MLP')","('uni', 'gabmil-8_heads', 'MLP')",310.0,0.9106517921381965
575,"('resnet18', 'GAP', 'MLP')","('resnet18', 'GAP', 'lr')",65.0,0.9999998588527887
576,"('resnet18', 'GAP', 'MLP')","('resnet18', 'GAP', 'xgb')",183.0,0.99915882564801
577,"('resnet18', 'GAP', 'MLP')","('resnet18', 'abmil-1_heads', 'MLP')",456.0,0.27240022555361065
578,"('resnet18', 'GAP', 'MLP')","('resnet18', 'abmil-8_heads', 'MLP')",155.0,0.9998214050292518
579,"('resnet18', 'GAP', 'MLP')","('resnet18', 'gabmil-1_heads', 'MLP')",404.0,0.5344238749457872
580,"('resnet18', 'GAP', 'MLP')","('resnet18', 'gabmil-8_heads', 'MLP')",227.0,0.9937439577979603
581,"('resnet18', 'GAP', 'MLP')","('uni', 'GAP', 'MLP')",34.0,0.9999999970777935
582,"('resnet18', 'GAP', 'MLP')","('uni', 'GAP', 'lr')",30.0,0.9999999984183887
583,"('resnet18', 'GAP', 'MLP')","('uni', 'GAP', 'xgb')",15.0,0.9999999998999556
584,"('resnet18', 'GAP', 'MLP')","('uni', 'abmil-1_heads', 'MLP')",26.0,0.9999999991778168
585,"('resnet18', 'GAP', 'MLP')","('uni', 'abmil-8_heads', 'MLP')",17.0,0.9999999998462954
586,"('resnet18', 'GAP', 'MLP')","('uni', 'gabmil-1_heads', 'MLP')",22.0,0.9999999995934559
587,"('resnet18', 'GAP', 'MLP')","('uni', 'gabmil-8_heads', 'MLP')",18.0,0.9999999998117346
588,"('resnet18', 'GAP', 'lr')","('resnet18', 'GAP', 'xgb')",707.0,1.1353380614309572e-05
589,"('resnet18', 'GAP', 'lr')","('resnet18', 'abmil-1_heads', 'MLP')",721.0,3.754068529815413e-06
590,"('resnet18', 'GAP', 'lr')","('resnet18', 'abmil-8_heads', 'MLP')",726.0,2.4664041120558977e-06
591,"('resnet18', 'GAP', 'lr')","('resnet18', 'gabmil-1_heads', 'MLP')",717.0,5.202487045607995e-06
592,"('resnet18', 'GAP', 'lr')","('resnet18', 'gabmil-8_heads', 'MLP')",753.0,1.9375875126570463e-07
593,"('resnet18', 'GAP', 'lr')","('uni', 'GAP', 'MLP')",153.0,0.9998416073749468
594,"('resnet18', 'GAP', 'lr')","('uni', 'GAP', 'lr')",9.0,0.9999999999772626
595,"('resnet18', 'GAP', 'lr')","('uni', 'GAP', 'xgb')",252.0,0.9839606312852993
596,"('resnet18', 'GAP', 'lr')","('uni', 'abmil-1_heads', 'MLP')",6.0,0.999999999990905
597,"('resnet18', 'GAP', 'lr')","('uni', 'abmil-8_heads', 'MLP')",0.0,1.0
598,"('resnet18', 'GAP', 'lr')","('uni', 'gabmil-1_heads', 'MLP')",2.0,0.999999999998181
599,"('resnet18', 'GAP', 'lr')","('uni', 'gabmil-8_heads', 'MLP')",0.0,1.0
600,"('resnet18', 'GAP', 'xgb')","('resnet18', 'abmil-1_heads', 'MLP')",608.0,0.003477596443190123
601,"('resnet18', 'GAP', 'xgb')","('resnet18', 'abmil-8_heads', 'MLP')",421.0,0.4445007857220844
602,"('resnet18', 'GAP', 'xgb')","('resnet18', 'gabmil-1_heads', 'MLP')",586.0,0.008578880873756134
603,"('resnet18', 'GAP', 'xgb')","('resnet18', 'gabmil-8_heads', 'MLP')",537.0,0.04460446391294681
604,"('resnet18', 'GAP', 'xgb')","('uni', 'GAP', 'MLP')",36.0,0.9999999960800778
605,"('resnet18', 'GAP', 'xgb')","('uni', 'GAP', 'lr')",20.0,0.9999999997207851
606,"('resnet18', 'GAP', 'xgb')","('uni', 'GAP', 'xgb')",11.0,0.9999999999608917
607,"('resnet18', 'GAP', 'xgb')","('uni', 'abmil-1_heads', 'MLP')",15.0,0.9999999998999556
608,"('resnet18', 'GAP', 'xgb')","('uni', 'abmil-8_heads', 'MLP')",4.0,0.9999999999954525
609,"('resnet18', 'GAP', 'xgb')","('uni', 'gabmil-1_heads', 'MLP')",13.0,0.9999999999363354
610,"('resnet18', 'GAP', 'xgb')","('uni', 'gabmil-8_heads', 'MLP')",7.0,0.9999999547325837
611,"('resnet18', 'abmil-1_heads', 'MLP')","('resnet18', 'abmil-8_heads', 'MLP')",145.0,0.9999033270514701
612,"('resnet18', 'abmil-1_heads', 'MLP')","('resnet18', 'gabmil-1_heads', 'MLP')",299.0,0.8979407302932186
613,"('resnet18', 'abmil-1_heads', 'MLP')","('resnet18', 'gabmil-8_heads', 'MLP')",228.0,0.9934870841079828
614,"('resnet18', 'abmil-1_heads', 'MLP')","('uni', 'GAP', 'MLP')",14.0,0.9999999999199645
615,"('resnet18', 'abmil-1_heads', 'MLP')","('uni', 'GAP', 'lr')",8.0,0.9999999999827196
616,"('resnet18', 'abmil-1_heads', 'MLP')","('uni', 'GAP', 'xgb')",6.0,0.999999999990905
617,"('resnet18', 'abmil-1_heads', 'MLP')","('uni', 'abmil-1_heads', 'MLP')",7.0,0.9999999999872671
618,"('resnet18', 'abmil-1_heads', 'MLP')","('uni', 'abmil-8_heads', 'MLP')",4.0,0.9999999999954525
619,"('resnet18', 'abmil-1_heads', 'MLP')","('uni', 'gabmil-1_heads', 'MLP')",6.0,0.999999999990905
620,"('resnet18', 'abmil-1_heads', 'MLP')","('uni', 'gabmil-8_heads', 'MLP')",5.0,0.9999999999936335
621,"('resnet18', 'abmil-8_heads', 'MLP')","('resnet18', 'gabmil-1_heads', 'MLP')",636.0,0.0002985486808781124
622,"('resnet18', 'abmil-8_heads', 'MLP')","('resnet18', 'gabmil-8_heads', 'MLP')",703.0,1.5308311049011536e-05
623,"('resnet18', 'abmil-8_heads', 'MLP')","('uni', 'GAP', 'MLP')",12.0,0.9999999336180517
624,"('resnet18', 'abmil-8_heads', 'MLP')","('uni', 'GAP', 'lr')",7.0,0.9999999999872671
625,"('resnet18', 'abmil-8_heads', 'MLP')","('uni', 'GAP', 'xgb')",40.0,0.9999999931023922
626,"('resnet18', 'abmil-8_heads', 'MLP')","('uni', 'abmil-1_heads', 'MLP')",6.0,0.999999999990905
627,"('resnet18', 'abmil-8_heads', 'MLP')","('uni', 'abmil-8_heads', 'MLP')",0.0,1.0
628,"('resnet18', 'abmil-8_heads', 'MLP')","('uni', 'gabmil-1_heads', 'MLP')",4.0,0.9999999999954525
629,"('resnet18', 'abmil-8_heads', 'MLP')","('uni', 'gabmil-8_heads', 'MLP')",2.0,0.999999999998181
630,"('resnet18', 'gabmil-1_heads', 'MLP')","('resnet18', 'gabmil-8_heads', 'MLP')",276.0,0.9648304111206016
631,"('resnet18', 'gabmil-1_heads', 'MLP')","('uni', 'GAP', 'MLP')",13.0,0.9999999999363354
632,"('resnet18', 'gabmil-1_heads', 'MLP')","('uni', 'GAP', 'lr')",6.0,0.999999999990905
633,"('resnet18', 'gabmil-1_heads', 'MLP')","('uni', 'GAP', 'xgb')",14.0,0.9999999999199645
634,"('resnet18', 'gabmil-1_heads', 'MLP')","('uni', 'abmil-1_heads', 'MLP')",7.0,0.9999999999872671
635,"('resnet18', 'gabmil-1_heads', 'MLP')","('uni', 'abmil-8_heads', 'MLP')",1.0,0.9999999999990905
636,"('resnet18', 'gabmil-1_heads', 'MLP')","('uni', 'gabmil-1_heads', 'MLP')",6.0,0.999999999990905
637,"('resnet18', 'gabmil-1_heads', 'MLP')","('uni', 'gabmil-8_heads', 'MLP')",4.0,0.9999999999954525
638,"('resnet18', 'gabmil-8_heads', 'MLP')","('uni', 'GAP', 'MLP')",6.0,0.999999999990905
639,"('resnet18', 'gabmil-8_heads', 'MLP')","('uni', 'GAP', 'lr')",3.0,0.9999999667878866
640,"('resnet18', 'gabmil-8_heads', 'MLP')","('uni', 'GAP', 'xgb')",8.0,0.9999999999827196
641,"('resnet18', 'gabmil-8_heads', 'MLP')","('uni', 'abmil-1_heads', 'MLP')",5.0,0.9999999999936335
642,"('resnet18', 'gabmil-8_heads', 'MLP')","('uni', 'abmil-8_heads', 'MLP')",0.0,1.0
643,"('resnet18', 'gabmil-8_heads', 'MLP')","('uni', 'gabmil-1_heads', 'MLP')",4.0,0.9999999999954525
644,"('resnet18', 'gabmil-8_heads', 'MLP')","('uni', 'gabmil-8_heads', 'MLP')",0.0,1.0
645,"('uni', 'GAP', 'MLP')","('uni', 'GAP', 'lr')",36.0,0.9999999960800778
646,"('uni', 'GAP', 'MLP')","('uni', 'GAP', 'xgb')",507.0,0.09842727627710701
647,"('uni', 'GAP', 'MLP')","('uni', 'abmil-1_heads', 'MLP')",25.0,0.9999998243123168
648,"('uni', 'GAP', 'MLP')","('uni', 'abmil-8_heads', 'MLP')",23.0,0.9999999995125108
649,"('uni', 'GAP', 'MLP')","('uni', 'gabmil-1_heads', 'MLP')",17.0,0.9999999998462954
650,"('uni', 'GAP', 'MLP')","('uni', 'gabmil-8_heads', 'MLP')",6.0,0.999999999990905
651,"('uni', 'GAP', 'lr')","('uni', 'GAP', 'xgb')",739.0,7.717690095887519e-07
652,"('uni', 'GAP', 'lr')","('uni', 'abmil-1_heads', 'MLP')",106.0,0.999993894650288
653,"('uni', 'GAP', 'lr')","('uni', 'abmil-8_heads', 'MLP')",155.0,0.9998214050292518
654,"('uni', 'GAP', 'lr')","('uni', 'gabmil-1_heads', 'MLP')",119.0,0.9999835226008145
655,"('uni', 'GAP', 'lr')","('uni', 'gabmil-8_heads', 'MLP')",107.0,0.999993391082171
656,"('uni', 'GAP', 'xgb')","('uni', 'abmil-1_heads', 'MLP')",42.0,0.9999994021212338
657,"('uni', 'GAP', 'xgb')","('uni', 'abmil-8_heads', 'MLP')",50.0,0.999999974680577
658,"('uni', 'GAP', 'xgb')","('uni', 'gabmil-1_heads', 'MLP')",43.0,0.9999993585482372
659,"('uni', 'GAP', 'xgb')","('uni', 'gabmil-8_heads', 'MLP')",41.0,0.9999999920901246
660,"('uni', 'abmil-1_heads', 'MLP')","('uni', 'abmil-8_heads', 'MLP')",518.0,0.07495118775841547
661,"('uni', 'abmil-1_heads', 'MLP')","('uni', 'gabmil-1_heads', 'MLP')",464.0,0.04482875244406755
662,"('uni', 'abmil-1_heads', 'MLP')","('uni', 'gabmil-8_heads', 'MLP')",430.0,0.39772395828094886
663,"('uni', 'abmil-8_heads', 'MLP')","('uni', 'gabmil-1_heads', 'MLP')",274.0,0.9472526706020696
664,"('uni', 'abmil-8_heads', 'MLP')","('uni', 'gabmil-8_heads', 'MLP')",242.0,0.9888184832825573
665,"('uni', 'gabmil-1_heads', 'MLP')","('uni', 'gabmil-8_heads', 'MLP')",375.0,0.6816174287350805
